"","StartDate","EndDate","Cum_ID","filter","filter2","CF_headsheads1tails2","num_coin_tosses","instr","reported_guessed_correctly","ruleFollow1","ruleFollow2","ruleFollow3","Numberofresponses","Originality","Flexibility","timeUses_1","timeUses_2","timeUses_3","timeUses_4","RAT_1","RAT_2","RAT_3","RAT_4","RAT_5","RAT_6","RAT_7","RAT_8","RAT_9","RAT_10","RAT_11","RAT_12","RAT_13","RAT_14","RAT_15","RAT_16","RAT_17","TimeRAT_1","TimeRAT_2","TimeRAT_3","TimeRAT_4","pos_1","neg_1","pos_2","neg_2","pos_3","neg_3","neg_4","neg_5","pos_4","pos_5","neg_6","pos_6","neg_7","pos_7","neg_8","pos_8","pos_9","neg_9","pos_10","neg_10","instr_A","female","age","edu","ethnicity_1","ethnicity_2","ethnicity_3","ethnicity_4","ethnicity_5","ethnicity_6","student","code","care_about_rules","pos_affect","neg_affect","RAT_perf","cheated","MTurkID_md5"
"1",2012-11-17 23:54:00,2012-11-18 00:07:12,144,5,1,1,3,1,0,6,7,5,2,1,2,1.2,1.2,60,1,1,0,1,0,1,1,0,1,0,1,0,0,1,1,0,0,1,16.434,322.515,26.868,35,4,5,1,5,3,1,1,3,1,1,5,4,1,1,1,1,4,2,3,1,1,0,18,3,NA,NA,NA,NA,NA,1,1,1,6,2.3,2.5,9,0,"165d039a661a10e307754efba79a6110"
"2",2012-11-17 23:17:26,2012-11-17 23:41:13,91,5,1,1,3,1,0,6,3,7,2,1,1,4.694,32.339,60.009,3,1,1,1,0,1,0,0,1,0,0,0,0,1,1,0,0,1,13.001,799.037,288.214,66,4,2,3,1,3,1,2,1,2,1,1,3,1,1,3,1,4,1,3,1,1,0,23,5,NA,NA,NA,NA,NA,1,0,1,5.33333333333333,2.5,1.4,8,0,"7ff5028e3f50f083999a7e904694524d"
"3",2012-11-17 23:44:36,2012-11-17 23:57:53,127,5,1,2,3,1,0,6,7,5,3,1,3,4.322,43.967,60.017,2,1,0,1,0,0,1,0,1,1,1,0,1,1,1,0,0,0,2.436,352.333,49.765,20,4,1,1,2,3,1,1,1,1,1,1,3,1,1,1,2,3,1,2,1,1,0,30,3,NA,NA,NA,NA,NA,1,1,1,6,2.1,1.1,9,0,"0795454a621e15bff1b89c8a14efa41e"
"4",2012-11-17 22:57:36,2012-11-17 23:11:29,24,5,1,2,3,1,0,5,7,7,3,1,3,2.055,2.055,60.004,1,1,1,1,0,1,1,0,1,0,1,1,1,1,1,0,0,1,20.061,393.649,7.75,11,3,1,1,1,1,1,1,1,2,1,1,1,1,1,1,1,1,1,1,1,1,1,26,5,NA,NA,NA,NA,NA,1,0,1,6.33333333333333,1.3,1,12,0,"c55d3da1c3ab1bcba89145f8bcb5a75e"
"5",2012-11-18 00:00:06,2012-11-18 00:20:19,168,5,1,1,3,1,0,3,7,6,3,1,2,5.778,5.778,60.002,1,0,0,0,0,0,0,0,0,0,0,0,0,0,0,0,0,0,74.524,562.096999999999,300.002,34,5,4,4,1,3,1,1,1,2,1,1,2,1,1,1,2,4,1,4,1,1,1,31,3,NA,NA,NA,1,NA,NA,0,1,5.33333333333333,2.8,1.3,0,0,"ad13ddfad7d7753a38595810fdaa566a"
"6",2012-11-17 23:41:29,2012-11-17 23:52:58,113,5,1,2,3,1,0,6,7,7,3,2,3,2.15,2.15,60,1,0,1,0,0,0,1,0,0,0,1,0,0,1,0,0,0,1,35.114,322.742999999999,15.34,26,3,2,3,1,1,1,1,1,2,1,1,2,1,1,3,3,3,1,2,1,1,1,22,3,NA,NA,NA,NA,NA,1,1,1,6.66666666666667,2.1,1.3,5,0,"c721c8e6c1c401221d65d0222a0ee6fb"
"7",2012-11-17 23:37:10,2012-11-17 23:47:34,101,5,1,2,1,1,0,3,3,3,3,2,3,3.304,3.304,60.002,1,0,1,0,0,0,0,0,0,0,0,0,0,0,0,0,0,1,4.97,293.954,46.628,20,2,2,2,2,2,2,2,2,2,2,2,2,2,2,2,2,2,2,2,2,1,0,22,5,NA,NA,NA,NA,NA,1,1,1,3,2,2,2,0,"1e654a9d18cb2bf34e12a4bd9187cd6b"
"8",2012-11-17 23:20:34,2012-11-17 23:32:32,76,5,1,2,3,1,0,5,5,6,3,1,2,7.912,12.9729999999999,60.057,2,1,0,1,0,0,1,0,0,0,1,0,0,1,0,0,0,1,23.972,323.669,30.084,27,4,2,3,4,3,1,2,3,4,2,3,2,3,3,3,4,3,3,2,2,1,0,19,2,NA,NA,NA,NA,NA,1,0,1,5.33333333333333,3,2.6,6,0,"f8804b23c4cae7a515b41c90895b8827"
"9",2012-11-18 00:11:17,2012-11-18 00:24:44,173,5,1,1,3,1,0,6,5,3,3,3,3,2.608,2.608,60.004,1,1,1,0,0,0,0,0,1,0,1,0,0,1,0,0,0,0,12.832,311.017999999999,35.119,23,4,1,4,3,1,2,2,3,4,4,3,3,4,4,4,2,3,3,4,4,1,0,29,3,NA,NA,1,NA,NA,NA,0,1,4.66666666666667,3.3,2.9,5,0,"9306cd36860423603cb4ca848ddfceaa"
"10",2012-11-17 23:11:33,2012-11-17 23:28:11,69,5,1,2,3,1,0,6,7,2,3,1,3,1.297,1.297,60.015,1,1,0,0,0,0,0,0,0,0,0,0,1,0,0,0,0,0,11.1,468.937999999999,231.089,50,4,1,4,1,4,1,1,1,4,4,1,1,1,4,1,4,4,1,4,1,1,0,26,5,NA,NA,NA,NA,NA,1,0,1,5,3.7,1,2,0,"11d451e99180fc997ee0604711627cc6"
"11",2012-11-17 23:41:21,2012-11-17 23:56:22,124,5,1,2,1,1,0,6,2,2,3,2,3,3.858,55.243,55.244,3,0,1,1,0,1,1,0,1,1,1,0,0,1,1,1,1,0,23.877,541.355,244.786,101,4,2,1,3,2,3,3,3,1,3,4,4,2,4,2,4,3,3,4,1,1,0,23,5,NA,NA,NA,1,NA,NA,0,1,3.33333333333333,3,2.6,11,0,"290a438667cbafa4980ef94974d837fb"
"12",2012-11-17 23:17:20,2012-11-17 23:33:40,79,5,1,1,3,1,0,7,7,7,3,3,3,9.425,9.425,59.997,1,1,0,1,0,1,1,0,0,0,0,0,1,1,1,0,0,0,34.63,507.567999999999,192.488,42,4,1,2,3,1,1,2,1,3,1,1,4,1,1,1,1,4,1,1,1,1,1,38,2,NA,NA,1,NA,NA,NA,0,1,7,2.2,1.3,7,0,"e85065039a88bdf086f26cdf8855c46b"
"13",2012-11-17 22:49:46,2012-11-17 22:58:53,1,5,1,1,3,1,0,6,7,7,3,1,2,5.558,5.558,60.018,1,0,0,0,0,0,0,0,0,0,0,0,0,1,1,0,0,0,32.315,202.265,219.482,27,5,2,4,3,4,3,2,2,2,1,2,5,3,4,2,4,4,2,4,3,1,1,30,6,NA,1,NA,NA,NA,NA,0,1,6.66666666666667,3.7,2.4,2,0,"6a71546a8e4c8c5666260837449e13ac"
"14",2012-11-17 23:59:12,2012-11-18 00:10:38,152,5,1,1,1,1,0,7,7,7,4,1,2,4.826,47.691,47.691,2,1,0,1,0,1,0,0,1,0,1,0,0,1,0,0,0,0,16.642,247.846999999999,167.624,5,5,5,5,4,5,1,1,1,5,5,1,5,1,5,1,5,5,1,5,1,1,1,27,5,NA,1,NA,NA,NA,NA,0,1,7,5,1.7,6,0,"e7f502bffd914c211f83025cbfb016df"
"15",2012-11-17 23:38:40,2012-11-17 23:51:54,110,5,1,1,1,1,0,6,7,5,4,2,4,6.997,6.997,60.017,1,0,0,0,0,1,1,0,1,0,0,0,0,1,0,0,0,0,21.696,357.827,32.922,26,2,1,1,1,1,1,1,1,1,1,1,2,1,1,1,1,3,1,1,1,1,0,36,2,NA,NA,NA,NA,NA,1,0,1,6,1.4,1,4,0,"d16ddf708c61fbcf25d7b54ae3b70089"
"16",2012-11-17 23:05:42,2012-11-17 23:23:04,55,5,1,2,3,1,0,4,7,7,4,2,4,6.015,113.917999999999,114.028,11,1,0,0,0,0,0,0,0,0,1,0,1,1,1,0,0,0,20.104,91.371,91.478,4,5,5,5,5,5,4,5,5,5,4,5,5,5,4,5,5,5,5,5,5,1,1,24,3,NA,NA,NA,NA,NA,1,1,1,6,4.8,4.9,5,0,"95b7dd90e1de3bfe9b9a61912a3d9448"
"17",2012-11-17 23:39:36,2012-11-17 23:49:45,103,5,1,2,1,1,0,5,7,7,4,2,4,3.394,15.048,60.005,2,1,1,1,0,0,1,0,1,1,1,1,1,1,1,1,1,0,1.896,240.045,240.051,11,4,1,3,1,1,1,1,1,2,1,1,1,1,1,1,1,4,1,1,1,1,0,34,1,NA,NA,NA,NA,NA,1,0,1,6.33333333333333,1.9,1,13,0,"be2abf1ce7c625de9edaa72ad5b5385a"
"18",2012-11-17 23:31:34,2012-11-17 23:51:25,109,5,1,2,3,1,0,7,7,7,4,2,4,9.862,9.862,60.001,1,0,0,0,0,0,1,0,1,0,1,0,0,0,0,0,0,0,76.266,413.813,116.1,31,3,1,1,1,1,1,1,1,2,1,1,1,1,1,1,1,1,1,1,1,1,0,27,1,NA,NA,NA,NA,NA,1,0,1,7,1.3,1,3,0,"95156bc1cfbe96edce3d4ae127f599b9"
"19",2012-11-17 23:02:04,2012-11-17 23:27:00,66,5,1,1,1,1,0,7,7,7,4,1,4,7.957,7.957,60.014,1,1,0,0,0,1,0,0,0,1,1,0,0,1,0,0,1,1,41.834,555.741,300,30,2,3,2,1,1,1,1,1,1,3,1,1,1,1,1,1,3,1,1,1,1,0,26,5,NA,NA,1,NA,NA,NA,0,1,7,1.6,1.2,7,0,"28fa746ee245de66a694b2e7363484a5"
"20",2012-11-18 00:00:12,2012-11-18 00:10:11,150,5,1,1,3,1,0,7,7,7,4,2,2,3.908,52.555,52.557,2,1,1,0,0,0,0,0,0,1,1,0,0,0,1,0,0,0,15.843,260.568,76.885,7,3,3,1,1,1,1,1,1,1,1,1,1,1,1,1,1,1,1,1,1,1,1,44,2,NA,NA,NA,NA,NA,1,0,1,7,1.2,1.2,5,0,"b01f5b68c810228848e2f37326f5db20"
"21",2012-11-17 23:22:05,2012-11-17 23:35:07,82,5,1,2,3,1,0,4,4,5,4,2,4,2.531,50.067,50.116,3,1,1,1,0,0,0,0,1,0,1,0,1,0,1,0,0,0,7.051,200.012999999999,100.78,7,2,2,2,2,2,1,1,3,2,1,1,4,1,1,1,1,3,1,1,1,1,0,23,3,NA,NA,NA,NA,NA,1,1,1,4.33333333333333,1.9,1.4,7,0,"801d28d28890bfbfa13b5670a8d07570"
"22",2012-11-17 23:19:14,2012-11-17 23:32:26,75,5,1,1,3,1,0,5,4,3,4,1,4,3.087,3.087,59.998,1,1,1,1,1,1,1,0,1,0,1,1,1,1,1,1,1,1,66.079,365.354999999999,70.474,44,3,4,3,3,2,1,1,2,4,2,3,4,2,2,3,4,4,2,3,1,1,1,23,2,NA,NA,NA,NA,NA,1,0,1,4,3.1,2.2,15,0,"45d558bfa546c4f3a7df102e8a793777"
"23",2012-11-17 23:12:55,2012-11-17 23:24:12,57,5,1,2,1,1,0,7,7,7,4,2,4,6.075,6.075,59.978,1,1,1,1,0,0,0,0,1,0,0,0,1,0,1,0,0,0,11.771,221.465,62.087,23,4,1,4,2,4,1,1,1,4,4,2,4,1,4,1,4,4,1,4,1,1,1,32,5,NA,NA,NA,NA,NA,1,0,1,7,4,1.2,6,0,"f911bbf772ad32fe05fa7f31ffd04055"
"24",2012-11-17 22:52:15,2012-11-17 23:17:21,37,5,1,2,3,1,0,6,6,7,4,2,4,8.223,8.223,60.089,1,1,1,1,0,0,0,0,0,0,0,0,0,0,0,0,0,0,128.842,753.119999999999,217.248,29,4,3,4,4,3,1,2,1,4,3,2,4,2,2,2,2,2,2,2,2,1,0,48,1,NA,NA,NA,NA,NA,1,0,1,6.33333333333333,3,2.1,3,0,"0c351e5b2e9e90c3597cb47732e5a7ce"
"25",2012-11-17 23:50:09,2012-11-18 00:03:49,137,5,1,2,3,1,0,3,7,5,4,1,4,5.649,5.711,60.034,3,0,0,0,0,1,0,0,0,0,0,0,0,1,0,0,0,0,24.947,323.349,66.255,42,4,1,2,2,1,1,1,1,3,2,1,3,1,1,1,3,4,1,2,1,1,0,21,3,NA,NA,1,NA,NA,NA,1,1,5,2.5,1.1,2,0,"b393e2a38c4d7ec263f68145f8070437"
"26",2012-11-18 00:02:23,2012-11-18 00:10:25,151,5,1,1,3,1,0,1,4,1,4,2,4,2.057,2.057,60.004,1,1,1,1,0,0,1,0,1,0,0,0,1,1,1,0,1,0,1.59,196.991,196.996,29,1,2,1,2,1,1,1,1,1,1,2,2,1,1,1,1,2,1,1,1,1,0,20,1,NA,NA,NA,NA,NA,1,0,1,2,1.2,1.3,9,0,"fd9635cf8da73ec3af0b92599840ebf7"
"27",2012-11-17 23:05:16,2012-11-17 23:24:32,58,5,1,1,3,1,0,3,6,5,4,1,4,3.826,19.689,60.013,2,1,1,1,0,1,1,0,1,1,1,0,0,1,1,0,0,0,8.186,282.329,282.331,6,4,3,3,2,2,1,1,1,3,2,4,5,2,3,3,4,5,2,4,2,1,1,46,3,NA,NA,NA,NA,NA,1,0,1,4.66666666666667,3.5,2.1,10,0,"38ff60a6e284b83083a4dc9a609f6aa8"
"28",2012-11-17 23:27:01,2012-11-17 23:53:27,115,5,1,2,1,1,0,6,7,7,4,2,4,5.379,5.379,59.887,1,1,1,1,0,1,1,0,1,0,1,1,1,1,1,0,0,1,38.8,1131.218,250.731,55,4,1,3,2,1,1,1,1,2,1,2,3,1,1,2,4,3,2,2,1,1,0,40,6,NA,NA,NA,NA,NA,1,0,1,6.66666666666667,2.4,1.4,12,0,"78dafa95c58573d512e852adc2584efa"
"29",2012-11-17 23:48:29,2012-11-18 00:02:17,133,5,1,1,3,1,0,7,7,7,5,4,5,4.56,25.549,60.037,3,0,1,1,0,0,0,0,1,1,0,0,1,0,1,0,0,0,37.402,208.306,300.029,25,4,1,5,1,4,1,1,1,5,3,1,4,1,4,1,4,4,1,4,1,1,1,33,6,NA,1,NA,NA,NA,NA,0,1,7,4.1,1,6,0,"9d5c7be4f52cb12149d138b412a8a86c"
"30",2012-11-17 22:54:25,2012-11-17 23:08:57,17,5,1,1,3,1,0,7,7,6,5,1,3,2.739,2.739,37.949,1,1,1,1,0,0,1,0,0,0,0,0,1,1,1,0,0,0,12.75,229.657,108.791,26,5,1,4,1,4,1,1,1,5,5,1,5,1,4,1,4,5,1,4,1,1,1,31,5,NA,NA,NA,NA,NA,1,0,1,6.66666666666667,4.5,1,7,0,"3d7c5212d33740d5800d98c572e89403"
"31",2012-11-17 22:59:06,2012-11-17 23:17:04,34,5,1,1,3,1,0,7,7,5,5,1,5,1.593,1.593,60.052,1,0,0,1,0,0,1,0,1,1,1,0,0,1,0,0,0,0,11.404,434.025999999999,157.258,61,4,4,2,5,2,1,1,1,2,1,3,3,1,1,4,4,4,1,1,1,1,1,26,3,NA,NA,NA,NA,NA,1,0,1,6.33333333333333,2.4,2.2,6,0,"5572acb0ba2f8eedb25d91916953eb07"
"32",2012-11-17 23:25:24,2012-11-17 23:37:47,86,5,1,1,1,1,0,6,7,7,5,1,3,5.804,5.804,60.009,1,1,1,1,0,1,1,0,1,1,1,0,1,1,1,0,0,0,6.925,285.653,34.604,25,2,3,1,1,3,1,1,1,1,1,1,3,1,1,1,1,3,1,2,1,1,1,49,2,NA,NA,NA,NA,NA,1,0,1,6.66666666666667,1.8,1.2,11,0,"f27c1ab75b246b5240d733126e188fbe"
"33",2012-11-17 23:37:46,2012-11-17 23:54:31,119,5,1,1,3,1,0,5,3,2,5,1,5,16.721,16.721,60.013,1,1,1,1,0,0,1,0,1,1,1,1,0,1,1,0,0,1,11.147,309.552,25.704,28,4,2,3,2,3,1,1,1,4,4,2,3,1,2,1,3,3,1,4,1,1,1,23,5,NA,NA,NA,NA,NA,1,0,1,3.33333333333333,3.3,1.3,11,0,"202de2d376ed056b41135a1b63641ffe"
"34",2012-11-17 23:04:54,2012-11-17 23:32:37,183,5,1,2,3,1,0,7,7,7,5,2,5,8.804,70.366,70.368,2,1,1,1,0,1,1,0,1,1,1,0,0,0,1,1,0,0,41.001,494.96,66.552,21,2,1,1,1,3,1,1,1,1,1,2,4,1,1,1,2,3,1,2,1,1,1,40,3,NA,NA,1,NA,NA,NA,1,1,7,2,1.1,10,0,"1a09aed6633543299c5d1b3b0581bc73"
"35",2012-11-17 22:55:50,2012-11-17 23:14:55,30,5,1,1,3,1,0,6,6,4,5,2,5,4.66,57.309,57.311,2,0,1,1,0,0,0,0,1,0,1,0,0,0,1,0,0,1,65.988,364.093999999999,66.848,25,5,1,4,1,2,1,1,1,3,1,1,4,1,5,2,4,4,1,4,1,1,1,29,3,NA,NA,NA,NA,NA,1,0,1,5.33333333333333,3.6,1.1,6,0,"41478d219a95c9561141bbe925e919ca"
"36",2012-11-17 22:56:31,2012-11-17 23:08:42,16,5,1,2,3,1,0,6,7,5,5,2,4,4.539,4.539,60,1,0,0,1,0,1,1,0,1,1,1,0,0,0,1,0,1,1,32.625,298.609,100.079,36,2,1,1,1,1,1,1,1,1,1,1,1,1,1,1,1,2,1,1,1,1,1,24,5,NA,1,NA,NA,NA,NA,0,1,6,1.2,1,9,0,"00cdb5fd16f1b3afcce7e610ead65788"
"37",2012-11-17 23:48:57,2012-11-18 00:00:56,131,5,1,2,3,1,0,7,7,7,5,3,5,2.446,2.446,60.001,1,0,0,1,0,0,1,0,0,0,0,0,0,1,1,0,0,1,21.026,347.676,44.18,39,5,1,5,1,5,1,1,1,5,5,1,5,5,5,1,5,5,1,5,1,1,0,28,5,NA,NA,NA,NA,NA,1,0,1,7,5,1.4,5,0,"5872c3a0a805e360d92c979dbf84c1bc"
"38",2012-11-17 23:46:58,2012-11-18 00:06:52,143,5,1,2,2,1,0,4,5,6,5,2,5,4.556,55.5549999999999,60.002,3,0,0,0,0,1,0,0,1,1,0,0,0,0,1,0,0,0,31.45,537.038999999999,38.194,19,4,1,2,2,1,1,1,1,3,2,1,4,1,2,1,2,4,1,1,1,1,0,28,5,NA,NA,NA,NA,NA,1,0,1,5,2.5,1.1,4,0,"bd95e532167cd2926de266273c9f4b04"
"39",2012-11-17 23:25:31,2012-11-17 23:38:36,88,5,1,2,3,1,0,4,2,3,5,3,5,4.803,57.372,60.001,5,0,0,1,0,1,1,0,1,1,0,0,1,1,0,1,0,0,33.041,325.244999999999,44.567,18,5,1,4,2,2,1,1,2,2,3,2,4,1,2,1,3,4,1,2,1,1,0,35,3,NA,NA,NA,NA,NA,1,0,1,3,3.1,1.3,8,0,"a505b97f9389738c45d2955cb354052b"
"40",2012-11-17 22:58:32,2012-11-17 23:19:01,43,5,1,2,3,1,0,4,2,5,5,2,4,46.512,54.672,60.015,3,1,1,1,0,0,1,0,1,0,0,0,0,1,0,0,0,1,17.374,587.598,177.581,30,3,1,3,1,2,1,1,1,1,1,1,5,1,1,1,3,5,1,3,1,1,1,25,3,NA,NA,1,NA,NA,NA,1,1,3.66666666666667,2.7,1,7,0,"9569ac23656ea8bb60bef1099a94f2b7"
"41",2012-11-17 23:58:13,2012-11-18 00:14:08,158,5,1,1,3,1,0,5,7,5,5,2,5,3.57,58.587,58.588,2,0,0,0,0,0,0,0,0,0,1,0,0,0,0,0,0,0,38.893,422.407,199.995,32,4,1,2,1,1,1,1,1,1,1,1,4,1,1,1,1,4,1,4,1,1,1,22,5,NA,NA,NA,NA,NA,1,1,1,5.66666666666667,2.3,1,1,0,"b89840201f68d7934efa60476331d5f2"
"42",2012-11-17 23:02:20,2012-11-17 23:22:40,52,5,1,1,3,1,0,6,7,7,5,2,3,4.96,4.96,60.003,1,1,1,1,0,1,1,0,1,1,1,0,1,1,1,0,0,1,50.711,514.505,300.004,32,3,1,1,1,1,1,1,1,2,1,1,3,1,2,1,1,3,1,3,1,1,0,43,5,NA,NA,NA,NA,NA,1,0,1,6.66666666666667,2,1,12,0,"3dddb7475da7e9a7d394875f492be9c2"
"43",2012-11-17 23:29:40,2012-11-17 23:46:02,98,5,1,1,1,1,0,3,2,4,5,3,5,2.668,2.668,60,1,0,1,1,0,0,1,0,0,0,1,0,0,0,0,0,0,1,22.935,531.06,45.916,40,4,1,4,2,4,1,1,1,4,1,1,5,1,2,1,4,4,1,3,1,1,0,24,3,NA,NA,NA,NA,1,1,0,1,3,3.5,1.1,5,0,"4390a292909c846a0e360b78168573f6"
"44",2012-11-17 23:45:36,2012-11-17 23:55:35,123,5,1,1,3,1,0,7,7,7,5,1,5,9.225,9.225,60.008,1,0,1,0,0,0,1,0,0,1,1,0,0,0,1,0,0,0,39.419,132.478999999999,132.491,3,3,2,1,2,1,1,1,1,1,1,1,3,1,1,1,1,3,1,2,1,1,1,37,3,NA,NA,NA,1,NA,NA,0,1,7,1.7,1.2,5,0,"c840ab221dadd3f9730c743b20819610"
"45",2012-11-17 23:06:23,2012-11-17 23:18:43,41,5,1,1,1,1,0,4,6,7,5,2,5,3.29,3.29,60.009,1,0,1,0,0,0,1,0,0,0,0,0,1,1,1,1,0,0,4.363,330.241,43.761,21,2,1,1,2,1,1,1,1,1,1,1,3,2,1,1,1,3,1,1,1,1,1,49,3,NA,NA,NA,NA,NA,1,0,1,5.66666666666667,1.5,1.2,6,0,"333055ba3b63b5736b7af789a1e346a2"
"46",2012-11-17 22:52:20,2012-11-17 23:04:06,7,5,1,2,3,1,0,6,6,6,6,2,2,1.97,1.97,60,1,0,1,1,0,1,1,0,1,0,1,0,0,1,1,0,0,0,8.834,298.056999999999,299.995,42,3,2,2,3,1,1,1,1,1,1,1,3,1,1,1,1,3,1,2,1,1,1,24,5,NA,1,NA,NA,NA,NA,0,1,6,1.8,1.3,8,0,"5a6bcce0593813b7bf0883ccc29b56a7"
"47",2012-11-17 23:04:57,2012-11-17 23:20:49,49,5,1,1,3,1,0,3,6,4,6,3,6,2.849,2.849,60.001,1,1,1,1,0,0,1,0,1,0,1,0,1,1,1,0,1,0,31.661,397.55,159.533,24,3,1,1,3,1,1,1,1,2,1,1,4,1,1,1,1,4,1,1,1,1,0,30,5,NA,NA,NA,NA,NA,1,0,1,4.33333333333333,1.9,1.2,10,0,"5a6e1e45f6868a72c70f31a3adbc3aa6"
"48",2012-11-17 23:45:07,2012-11-18 00:05:51,141,5,1,1,3,1,0,5,7,3,6,2,6,5.141,5.141,60,1,0,1,0,0,1,1,0,1,1,1,0,0,1,1,0,0,0,23.617,646.028,34.091,29,3,1,2,2,1,1,1,1,1,2,1,1,1,1,1,1,1,1,1,1,1,1,18,2,NA,NA,1,NA,NA,NA,1,1,5,1.4,1.1,8,0,"2d24bebcb1d9a3e08b3b05dca5f494f9"
"49",2012-11-17 23:43:59,2012-11-18 00:00:34,130,5,1,1,3,1,0,6,4,4,6,5,6,4.639,4.639,60.002,1,0,0,0,0,1,1,0,1,1,1,0,1,0,1,0,0,1,33.197,493.698999999999,198.04,30,3,1,1,3,1,1,1,1,1,3,1,1,1,2,1,3,3,1,2,1,1,0,23,5,NA,NA,NA,NA,NA,1,0,1,4.66666666666667,2,1.2,8,0,"38378396ea2b4dd3e9d092a8b7734338"
"50",2012-11-17 23:39:14,2012-11-17 23:50:48,107,5,1,2,3,1,0,7,4,5,6,3,5,2.821,2.821,60.002,1,1,1,1,0,1,1,0,1,0,0,1,0,1,1,1,0,1,25.186,300.637,30.214,31,3,1,2,1,1,1,1,1,1,1,3,3,1,1,1,3,2,1,1,1,1,1,35,7,NA,NA,NA,NA,NA,1,0,1,5.33333333333333,1.8,1.2,11,0,"c2ffa4584c10c672b03c041d9291796d"
"51",2012-11-17 23:18:38,2012-11-17 23:42:16,93,5,1,2,3,1,0,5,3,4,6,2,6,2.005,7.811,59.998,2,0,1,0,0,1,0,0,1,1,1,0,1,1,1,0,0,0,5.889,573.646,250.457,36,3,1,2,1,1,1,1,1,3,1,1,3,1,2,1,1,3,2,2,1,1,1,20,3,NA,NA,NA,NA,NA,1,0,1,4,2.1,1.1,8,0,"5e01b0d0381dbe0afff5bdf0eb3bc02e"
"52",2012-11-18 01:07:15,2012-11-18 01:17:53,176,5,1,2,3,1,0,7,7,7,6,2,6,3.843,22.171,60,3,0,1,1,1,1,1,0,1,1,1,1,1,1,1,1,1,1,8.938,307,16.125,30,3,1,2,1,1,1,1,1,3,1,1,3,1,2,2,4,4,1,2,1,1,1,26,4,NA,NA,NA,NA,NA,1,0,1,7,2.5,1.1,15,0,"3ffb3c3cac225c1c24d233f2b27cb167"
"53",2012-11-17 23:38:21,2012-11-17 23:54:04,117,5,1,1,3,1,0,2,4,2,6,2,4,4.11,25.815,60.012,4,0,1,1,0,0,1,0,0,1,1,1,1,1,0,0,0,0,38.856,484.299,194.296,21,2,1,2,2,4,1,1,1,4,3,1,4,1,2,1,5,4,2,1,1,1,0,37,2,NA,NA,NA,NA,NA,1,0,1,2.66666666666667,3.1,1.2,8,0,"0c340d8c59269ece31cf7f72d26b264d"
"54",2012-11-17 23:29:53,2012-11-17 23:43:24,94,5,1,2,3,1,0,4,2,3,6,2,6,4.18,28.973,60.023,3,1,1,1,0,1,1,0,1,1,0,0,1,1,1,0,0,0,12.655,399.782,105.905,58,3,1,1,2,2,1,1,1,1,1,1,3,1,1,1,2,4,1,2,1,1,1,24,5,NA,NA,NA,NA,NA,1,0,1,3,2,1.1,10,0,"7d38fb1a1634396b95f41e5974db1257"
"55",2012-11-17 23:59:02,2012-11-18 00:18:59,163,5,1,2,3,1,0,7,4,2,6,2,4,5.772,51.836,60.095,2,1,0,0,0,1,1,0,0,0,0,0,0,0,1,0,0,1,32.28,642.562999999999,50.795,39,4,2,4,1,1,1,1,1,3,2,1,2,1,1,1,2,4,2,3,1,1,1,24,6,NA,NA,NA,NA,NA,1,1,1,4.33333333333333,2.6,1.2,5,0,"d4497fd9ee28cf126d15752f1e42be00"
"56",2012-11-17 23:25:07,2012-11-17 23:54:31,120,5,1,2,3,1,0,3,4,3,6,2,5,2.756,32.9529999999999,60.005,2,0,1,1,0,1,1,0,1,0,0,1,1,1,1,0,1,0,23.692,1057.529,298.454,55,2,2,1,3,1,1,1,2,1,1,3,3,1,1,1,1,3,3,2,1,1,0,25,5,NA,NA,NA,NA,NA,1,1,1,3.33333333333333,1.6,1.8,10,0,"9fc1bcbb8be32c6352cd5b0fc3ffc4b1"
"57",2012-11-17 23:53:12,2012-11-18 00:08:49,147,5,1,2,3,1,0,7,7,6,6,4,6,4.915,4.915,60.006,1,1,1,1,0,0,1,0,0,1,0,0,0,1,1,0,0,0,35.571,132.481,74.587,5,1,2,1,2,1,1,1,1,1,1,1,1,1,1,1,1,1,1,1,1,1,1,49,3,NA,NA,NA,NA,NA,1,0,1,6.66666666666667,1,1.2,7,0,"4afbea8df0ee8ce41aa1defb9b204df5"
"58",2012-11-17 23:54:30,2012-11-18 00:06:40,142,5,1,2,3,1,0,4,2,5,6,3,6,2.529,2.529,60.006,1,0,1,1,0,1,1,0,1,1,1,0,1,0,0,1,0,1,13.364,295.177,7.39,10,4,1,1,1,3,1,1,1,3,4,2,4,1,3,1,4,4,1,3,1,1,0,31,3,NA,NA,NA,NA,NA,1,0,1,3.66666666666667,3.3,1.1,10,0,"1d579f93c2e89731d19682d9ad7a5001"
"59",2012-11-17 23:25:38,2012-11-17 23:42:07,92,5,1,1,3,1,0,5,3,5,6,2,6,7.203,7.203,60.042,1,1,0,1,1,1,1,0,0,1,1,0,1,1,1,0,0,1,27.171,278.034999999999,278.113,23,5,4,4,5,1,1,1,4,5,1,4,5,1,1,2,4,5,2,4,1,1,0,38,3,NA,NA,NA,NA,NA,1,0,1,4.33333333333333,3.5,2.5,11,0,"02e3ac6255af37f44424ad0bf63bc908"
"60",2012-11-17 23:22:12,2012-11-17 23:34:43,81,5,1,2,3,1,0,6,6,7,6,3,6,2.319,55.832,60.001,3,1,1,1,0,1,1,0,0,1,1,0,1,1,0,1,1,1,27.211,259.636,259.637,47,4,1,1,1,3,1,1,1,3,3,1,4,1,3,1,3,3,1,3,1,1,1,56,3,NA,NA,NA,NA,NA,1,0,1,6.33333333333333,3,1,12,0,"7f3b37985f629572712b71e64e24fd78"
"61",2012-11-17 23:12:17,2012-11-17 23:29:03,70,5,1,2,3,1,0,5,5,5,6,3,5,2.599,2.599,60.013,1,0,1,1,0,1,1,0,1,1,1,0,0,0,1,0,0,0,18.059,320.207999999999,34.992,32,4,3,2,3,2,1,1,2,2,1,2,2,1,1,2,2,2,2,2,1,1,0,27,5,NA,NA,NA,NA,NA,1,0,1,5,2,1.8,8,0,"46abf4ca05f94ed5e80584b276ceefdb"
"62",2012-11-18 00:06:02,2012-11-18 00:19:23,164,5,1,2,3,1,0,7,5,4,6,1,3,2.907,2.907,60.001,1,1,1,1,0,1,1,0,1,1,1,1,0,1,1,0,0,1,15.88,359.186,74.412,33,1,1,1,1,1,1,1,1,1,1,1,1,1,1,1,1,2,1,1,1,1,1,21,3,NA,NA,NA,NA,NA,1,0,1,5.33333333333333,1.1,1,12,0,"d127d23ae8194fae260b6276f7e44469"
"63",2012-11-17 23:33:52,2012-11-17 23:51:57,111,5,1,2,3,1,0,6,4,3,6,4,6,5.754,5.754,60.008,1,0,0,1,0,0,0,0,1,1,1,0,0,1,0,0,0,1,20.975,580.860999999999,280.865,29,3,1,2,1,1,1,1,1,1,1,1,1,1,1,1,1,3,1,1,1,1,0,31,5,NA,NA,NA,NA,NA,1,0,1,4.33333333333333,1.5,1,6,0,"9b77444692d33bce47d0a746e7ceeada"
"64",2012-11-17 23:00:07,2012-11-17 23:12:06,27,5,1,1,3,1,0,3,2,2,6,2,6,2.81,2.81,60.001,1,1,1,1,0,1,1,0,1,0,0,0,1,1,1,0,0,0,13.687,288.917,27.003,19,2,1,1,1,1,1,1,1,1,1,1,1,1,1,1,1,1,1,1,1,1,0,25,8,NA,NA,NA,NA,NA,1,0,1,2.33333333333333,1.1,1,9,0,"432f814e51065f5660fa0548187a0787"
"65",2012-11-18 00:00:39,2012-11-18 00:13:09,154,5,1,2,3,1,0,6,6,5,6,2,6,3.493,3.493,60.016,1,1,1,1,0,1,1,0,1,1,1,1,1,1,1,1,1,1,15.386,273.045,273.045,20,4,1,3,2,2,1,1,1,3,2,1,4,1,2,1,3,4,1,3,1,1,0,37,5,NA,NA,NA,NA,NA,1,0,1,5.66666666666667,3,1.1,15,0,"d938275d910970c360f26aee43c9d3b7"
"66",2012-11-17 23:56:55,2012-11-18 00:05:40,140,5,1,1,3,1,0,5,6,3,6,4,6,2.606,53.048,60.015,7,1,1,1,1,1,1,0,1,0,1,0,1,1,1,0,0,0,4.473,205.519,61.622,10,4,2,1,4,1,1,1,1,1,1,2,5,2,1,1,1,5,2,2,1,1,1,19,4,NA,NA,NA,NA,NA,1,1,1,4.66666666666667,2.2,1.7,11,0,"2aa86a5e300a001569fe03bac32687b0"
"67",2012-11-17 23:44:12,2012-11-18 00:02:30,134,5,1,1,3,1,0,6,7,7,6,2,6,4.711,4.711,60.013,1,1,1,1,0,1,1,0,1,1,1,0,0,1,0,0,0,1,14.523,389.485,62.509,31,2,1,1,1,1,1,1,1,2,1,1,2,1,1,2,1,3,1,1,1,1,1,30,3,NA,NA,NA,NA,NA,1,0,1,6.66666666666667,1.5,1.1,10,0,"042f5d87be50086cf3c55c88cf9d0025"
"68",2012-11-17 23:06:27,2012-11-17 23:23:44,56,5,1,1,3,1,0,6,7,5,6,3,6,5.563,5.563,60.012,1,1,1,1,0,1,1,0,1,0,1,0,1,0,0,0,0,1,1.193,398.78,132.318,20,4,1,2,1,1,1,1,1,2,1,1,2,1,1,1,1,2,1,2,1,1,0,26,5,NA,NA,NA,NA,NA,1,0,1,6,1.8,1,9,0,"9586969db963314106525b8f3766f7b8"
"69",2012-11-17 23:05:02,2012-11-17 23:20:21,47,5,1,1,3,1,0,7,7,5,6,3,6,5.436,5.436,60.257,1,0,0,1,0,0,0,0,0,0,1,0,0,0,1,0,0,1,30.883,370.717999999999,52.295,24,5,2,4,5,1,1,1,3,3,1,3,5,3,1,3,5,5,5,5,2,1,1,30,3,NA,1,NA,NA,NA,NA,0,1,6.33333333333333,3.5,2.8,4,0,"0973a1cc0c90cc25dbdff70ddd6be6f8"
"70",2012-11-18 00:11:50,2012-11-18 00:25:18,174,5,1,1,1,1,0,5,6,3,6,3,4,2.731,2.731,60,1,0,0,1,0,1,0,0,1,1,1,0,0,0,1,0,0,1,12.628,448.919,70.027,25,4,4,3,5,4,1,1,3,2,2,4,4,1,1,1,1,1,1,2,1,1,1,24,3,NA,NA,NA,NA,NA,1,1,1,4.66666666666667,2.4,2.2,7,0,"5e1381f5fa19c80a70a038f4133c7cbf"
"71",2012-11-17 23:33:48,2012-11-18 00:02:46,135,5,1,2,3,1,0,2,2,1,7,4,7,3.792,3.792,60.001,1,0,0,0,0,1,1,0,0,0,0,0,0,0,0,0,0,0,15.528,483.795999999999,300.001,28,3,1,1,2,3,1,1,1,2,3,1,3,1,2,1,2,4,1,2,1,1,0,27,3,1,NA,NA,NA,NA,1,1,1,1.66666666666667,2.5,1.1,2,0,"9eaafd99c2a041563770cc4f12947bc6"
"72",2012-11-17 22:52:19,2012-11-17 23:06:57,12,5,1,2,3,1,0,4,6,6,7,4,7,4.602,4.602,60.009,1,1,1,1,0,0,1,0,0,0,1,0,0,1,1,0,0,0,38.735,365.868999999999,190.554,16,4,2,3,2,4,1,1,1,1,4,1,1,1,3,1,1,4,1,1,1,1,1,31,5,NA,NA,NA,NA,NA,1,0,1,5.33333333333333,2.6,1.2,7,0,"dc5c75ec7a98394bfe0b086f7bc6672c"
"73",2012-11-17 23:52:22,2012-11-18 00:04:39,139,5,1,1,3,1,0,5,7,6,7,3,7,6.695,6.695,60.002,1,0,1,0,0,0,0,0,0,0,0,0,0,0,0,0,0,0,12.091,270.989,300.002,29,3,1,2,1,3,1,1,1,2,3,1,2,1,3,1,3,3,1,2,1,1,0,28,7,NA,1,NA,NA,NA,NA,0,1,6,2.6,1,1,0,"6bbee94f1db224f99d65e748a406697e"
"74",2012-11-17 23:41:06,2012-11-17 23:54:26,118,5,1,2,3,1,0,6,6,4,7,3,6,2.799,2.799,60.001,1,0,1,1,0,1,1,0,1,0,1,0,0,1,1,1,1,1,25.612,398.061999999999,112.099,31,4,3,4,2,1,1,1,1,2,2,2,3,1,1,1,2,4,3,3,1,1,1,27,5,NA,NA,NA,NA,NA,1,0,1,5.33333333333333,2.6,1.6,11,0,"f7c5581d4bdb9ad6cd4ba5e362eee442"
"75",2012-11-17 23:22:22,2012-11-17 23:33:35,78,5,1,2,3,1,0,6,7,5,7,2,6,3.571,3.571,60.001,1,1,0,0,1,0,0,0,1,0,1,0,1,1,1,1,0,1,15.179,127.11,10.811,7,4,2,1,2,2,1,1,1,2,1,2,2,1,3,1,3,2,1,3,1,1,1,26,3,NA,NA,NA,NA,NA,1,1,1,6,2.3,1.3,9,0,"86faad92b65496bbffc2bdb98a0fd378"
"76",2012-11-17 23:21:39,2012-11-17 23:29:36,71,5,1,1,3,1,0,4,6,6,7,2,6,1.99,1.99,60.005,1,1,1,1,0,1,1,0,1,0,1,0,0,0,1,0,0,1,6.284,201.732999999999,53.579,12,1,3,1,4,1,1,1,1,1,1,2,1,1,1,2,1,4,1,1,1,1,1,30,6,NA,NA,NA,NA,NA,1,0,1,5.33333333333333,1.3,1.7,9,0,"1d326ad795a2812cdb4d597b4713fa0c"
"77",2012-11-17 23:31:08,2012-11-17 23:47:13,100,5,1,1,3,1,0,6,6,4,7,2,6,2.934,2.934,60.002,1,1,1,1,0,1,1,0,1,1,1,1,1,1,1,1,1,1,20.964,394.912999999999,146.438,33,3,1,2,1,1,1,1,1,2,1,1,2,1,1,1,1,3,1,3,1,1,1,22,2,NA,NA,NA,NA,NA,1,0,1,5.33333333333333,1.9,1,15,0,"716b66ae7ebf65720a45ada870387bfb"
"78",2012-11-17 23:06:25,2012-11-17 23:22:49,179,5,1,2,3,1,0,6,7,7,7,3,7,7.756,7.756,60.013,1,1,1,1,0,1,1,0,0,1,0,0,1,1,1,0,0,1,62.018,383.098999999999,61.401,28,3,3,2,1,1,1,1,2,1,1,1,1,1,1,1,1,1,1,1,1,1,1,31,6,NA,NA,NA,NA,NA,1,0,1,6.66666666666667,1.3,1.3,10,0,"12f9ef64f4d9e3b874b4e556a386ea45"
"79",2012-11-17 23:01:17,2012-11-17 23:11:18,23,5,1,1,3,1,0,6,6,5,7,4,7,3.431,3.431,60.003,1,0,0,1,0,1,1,0,1,1,1,0,1,1,1,0,1,0,7.402,260.737,37.71,22,4,2,2,1,1,1,1,1,2,1,1,4,1,2,1,2,4,1,4,1,1,1,27,4,NA,NA,NA,NA,NA,1,1,1,5.66666666666667,2.6,1.1,10,0,"cc93fca5560fd1523f1637b4897381fd"
"80",2012-11-17 22:49:21,2012-11-17 23:01:48,3,5,1,1,1,1,0,7,7,6,7,4,6,2.562,2.562,60.008,1,1,1,0,0,1,1,0,1,0,1,0,1,0,1,1,1,0,17.14,345.359999999999,60.413,36,3,1,2,2,1,1,1,1,1,1,2,1,1,1,1,1,3,1,2,1,1,1,29,5,NA,NA,NA,NA,NA,1,0,1,6.66666666666667,1.6,1.2,10,0,"d9e7683dfc4e41984e67b55093d774ec"
"81",2012-11-17 23:20:54,2012-11-17 23:36:40,83,5,1,2,3,1,0,4,6,6,7,3,6,4.786,4.786,60.007,1,1,1,0,0,1,1,0,0,1,1,0,0,1,1,0,1,0,41.965,484.352,188.503,24,3,2,2,2,1,1,1,1,1,3,3,3,1,1,1,2,2,1,2,1,1,1,41,3,NA,NA,NA,1,NA,NA,0,1,5.33333333333333,2,1.4,9,0,"bce6ae9dee2ea5cf752440fd5de7651b"
"82",2012-11-17 23:34:46,2012-11-17 23:49:51,104,5,1,2,3,1,0,3,5,3,7,3,6,3.763,3.763,60.002,1,0,1,0,0,0,1,0,1,1,0,0,0,0,0,0,0,0,63.919,327.767,62.572,11,3,1,2,3,1,1,1,3,2,2,2,3,2,3,2,3,3,1,3,1,1,1,26,5,NA,NA,NA,NA,NA,1,0,1,3.66666666666667,2.5,1.7,4,0,"ea2fec3223b2c5883b8c78f49052043e"
"83",2012-11-17 23:09:29,2012-11-17 23:24:34,59,5,1,2,3,1,0,5,7,7,7,2,6,3.253,48.565,48.566,2,0,1,1,0,1,1,0,1,0,1,0,0,1,1,0,0,1,23.289,477.403999999999,17.561,48,1,2,1,3,1,1,1,2,1,1,2,1,1,1,1,1,3,1,1,1,1,1,20,3,NA,NA,NA,NA,NA,1,1,1,6.33333333333333,1.2,1.5,9,0,"ce8c90f450f51c0a2e1452dc2dc3d6bf"
"84",2012-11-17 22:50:45,2012-11-17 23:03:32,6,5,1,1,3,1,0,6,6,4,7,4,7,4.738,4.738,60.002,1,1,1,1,0,0,1,0,1,0,1,0,0,0,1,0,0,0,19.71,323.411,42.985,37,3,1,1,4,1,1,1,1,1,1,1,3,1,1,1,1,2,1,1,1,1,0,24,5,NA,NA,NA,NA,NA,1,0,1,5.33333333333333,1.5,1.3,7,0,"b6f4c84e5055fd1efb6ff44fa8da9011"
"85",2012-11-18 00:00:22,2012-11-18 00:20:11,166,5,1,1,3,1,0,6,7,2,7,2,6,21.814,21.814,60.062,1,0,1,1,0,0,0,0,1,0,1,0,0,1,1,0,0,0,27.099,600.067999999999,300.148,25,1,1,2,1,1,1,1,2,2,1,1,2,1,1,1,1,2,1,1,1,1,1,21,3,NA,NA,1,NA,NA,NA,1,1,5,1.4,1.1,6,0,"c7f41a493d33eb8cf2a959b35a6fab44"
"86",2012-11-17 23:14:16,2012-11-17 23:26:16,64,5,1,2,3,1,0,4,7,3,7,2,7,1.528,3.263,60.001,3,1,0,1,0,1,0,0,1,0,1,0,1,1,1,0,0,1,21.23,355.525,54.658,13,4,3,4,3,2,1,1,2,3,1,3,2,2,1,4,2,2,3,1,2,1,0,27,4,1,NA,NA,NA,NA,1,1,1,4.66666666666667,2.2,2.4,9,0,"dec88f33d6dba33297b7841fa2c8ac6c"
"87",2012-11-17 23:13:31,2012-11-17 23:30:26,72,5,1,1,3,1,0,6,7,7,7,2,6,4.033,4.033,60.005,1,1,1,1,0,1,1,0,1,1,1,0,1,0,1,0,0,1,43.567,276.865,18.248,22,4,3,4,1,3,1,1,1,4,4,1,4,1,4,1,4,4,1,4,1,1,1,48,3,NA,NA,NA,NA,NA,1,0,1,6.66666666666667,3.9,1.2,11,0,"17eae39226bf3fcaee046c382d1e8d39"
"88",2012-11-17 23:33:18,2012-11-17 23:43:53,95,5,1,2,3,1,0,7,7,7,7,3,5,4.44,4.44,60.007,1,0,0,1,0,1,0,0,1,1,1,0,0,0,1,0,0,1,24.215,24.215,300.002,1,4,1,4,1,1,1,1,1,4,1,1,1,1,1,1,1,1,1,1,1,1,0,25,3,NA,1,NA,1,NA,NA,1,1,7,1.9,1,7,0,"584bddf07e9c9b462a083e61bcad56f7"
"89",2012-11-18 00:48:38,2012-11-18 01:05:11,175,5,1,2,3,1,0,3,3,4,7,3,7,3.456,3.456,60.018,1,1,1,1,0,1,1,0,1,0,0,0,0,1,1,0,1,0,43.788,416.754,127.476,20,5,1,4,1,4,1,1,1,4,3,1,5,1,4,1,3,4,1,4,1,1,0,31,5,NA,NA,NA,NA,NA,1,0,1,3.33333333333333,4,1,9,0,"f5c975ddb93f89da4661de8cb1b631ba"
"90",2012-11-17 23:44:57,2012-11-17 23:56:46,185,5,1,1,3,1,0,6,7,7,7,1,6,3.011,3.011,60.003,1,1,0,1,0,1,1,0,1,1,1,0,1,1,1,0,0,1,8.858,341.47,52.93,36,NA,NA,NA,NA,NA,NA,NA,NA,NA,NA,NA,NA,NA,NA,NA,NA,NA,NA,NA,NA,NA,NA,NA,NA,NA,NA,NA,NA,NA,NA,NA,1,6.66666666666667,NA,NA,11,0,"bda15d9b1286ba381eb6727511a19df8"
"91",2012-11-17 23:03:21,2012-11-17 23:20:06,46,5,1,2,2,1,0,6,6,6,7,2,6,9.656,9.656,60.035,1,1,0,1,0,0,0,0,1,1,0,0,0,1,0,0,0,1,27.554,304.023,86.516,33,3,1,2,1,2,1,1,1,2,1,1,4,1,2,1,4,4,1,3,1,1,0,32,2,NA,NA,1,NA,NA,NA,0,1,6,2.7,1,6,0,"fb417398083d176fa26a0cfbcbb9c5f8"
"92",2012-11-17 22:51:28,2012-11-17 23:08:36,15,5,1,1,3,1,0,4,4,4,7,2,7,4.46,4.46,60.005,1,0,1,1,0,0,1,0,1,1,1,0,0,0,1,0,0,0,28.259,424.477,135.281,17,2,1,3,1,2,1,1,1,3,2,1,3,1,1,1,3,3,1,3,1,1,0,35,3,NA,NA,NA,NA,NA,1,0,1,4,2.5,1,7,0,"560a260df60eb8664f2c2d02a8aaebf9"
"93",2012-11-18 00:06:20,2012-11-18 00:16:47,161,5,1,2,3,1,0,6,7,7,7,3,3,2.555,2.555,60.006,1,1,1,1,0,1,1,0,0,0,1,0,1,1,1,1,1,1,14.941,262.061,299.991,11,3,1,1,1,2,1,1,2,1,2,1,4,1,1,1,2,4,1,1,1,1,1,26,6,NA,NA,NA,NA,NA,1,0,1,6.66666666666667,2.1,1.1,12,0,"63ae10596c3cf035571e3b18a7ffc217"
"94",2012-11-17 22:54:42,2012-11-17 23:09:41,19,5,1,1,3,1,0,6,7,4,7,3,5,2.232,2.232,60.018,1,1,1,1,0,1,1,0,1,0,1,0,1,0,1,0,0,0,19.515,157.003,157.019,2,3,1,1,2,1,1,1,1,1,1,2,3,1,1,1,2,3,1,2,1,1,0,38,5,NA,NA,NA,1,NA,NA,0,1,5.66666666666667,1.8,1.2,9,0,"b42c46f65bd89f78dc5cbd3aa1b66315"
"95",2012-11-17 23:30:48,2012-11-17 23:39:36,89,5,1,1,1,1,0,6,2,7,7,2,4,2.278,2.278,60.012,1,0,1,1,0,1,1,0,0,0,1,0,1,1,1,0,0,1,3.454,294.988,294.999,6,4,1,4,1,1,1,1,1,3,1,1,2,1,4,2,4,4,2,3,1,1,1,20,3,NA,NA,NA,NA,NA,1,1,1,5,3,1.2,9,0,"81c8e176ca9e33a301edeb5396b4bcf6"
"96",2012-11-17 23:17:05,2012-11-17 23:27:03,67,5,1,1,3,1,0,4,3,2,8,3,4,2.545,49.976,60.013,2,0,1,0,0,0,1,0,0,0,0,0,0,1,0,0,0,0,7.914,242.472,38.91,17,4,1,2,1,1,1,1,1,2,1,1,4,1,1,1,1,4,1,1,1,1,1,28,5,NA,NA,NA,NA,NA,1,1,1,3,2.1,1,3,0,"27ecc9d4ff68accb24175bdb577f14b2"
"97",2012-11-17 22:51:14,2012-11-17 23:10:10,21,5,1,1,3,1,0,3,6,3,8,3,8,3.564,3.564,59.998,1,0,1,1,0,1,0,0,1,1,1,0,1,0,1,1,0,0,14.927,564.700999999999,299.985,44,2,3,2,4,1,1,2,2,1,1,3,2,1,1,2,2,2,1,1,2,1,1,22,5,NA,NA,NA,NA,NA,1,0,1,4,1.5,2.1,9,0,"d096dec02c19fdf94666fb21d42a95cf"
"98",2012-11-17 22:58:04,2012-11-17 23:08:14,13,5,1,1,3,1,0,7,7,7,8,2,6,1.703,1.703,60.011,1,1,1,1,0,0,0,0,1,0,1,0,0,0,1,0,0,0,26.582,197.704,197.705,11,3,2,1,3,1,1,1,1,1,1,1,3,1,1,1,1,3,1,2,1,1,1,24,4,NA,NA,NA,NA,NA,1,1,1,7,1.7,1.3,6,0,"e226f2be9fe0de11f79b59c9dc271e47"
"99",2012-11-17 23:02:39,2012-11-17 23:18:03,39,5,1,1,3,1,0,6,4,2,8,2,7,4.571,4.571,60.001,1,1,1,1,0,1,1,0,1,1,1,0,1,1,1,0,0,1,19.629,448.861999999999,189.522,30,4,1,1,2,3,1,1,1,3,1,1,2,1,1,1,1,3,1,2,1,1,0,NA,5,NA,NA,NA,NA,NA,1,1,1,4,2.1,1.1,12,0,"2d895f4361fd60530756417657e95ea4"
"100",2012-11-17 23:40:08,2012-11-17 23:57:44,125,5,1,2,1,1,0,7,7,3,8,3,8,3.489,3.489,60.595,1,1,1,1,0,1,1,0,0,0,1,1,1,1,1,1,1,1,21.923,298.542,27.37,9,5,1,4,1,4,1,1,1,5,4,1,5,1,3,1,5,5,1,5,1,1,0,32,4,NA,NA,NA,NA,NA,1,0,1,5.66666666666667,4.5,1,13,0,"889f5f7469d85354eeb92da20b6a985e"
"101",2012-11-18 00:03:10,2012-11-18 00:16:12,160,5,1,1,1,1,0,6,6,5,8,2,8,2.892,2.892,60.003,1,0,1,0,0,1,1,0,1,0,1,0,0,1,1,0,0,0,13.874,297.220999999999,32.634,38,4,4,4,4,1,1,2,2,4,1,1,3,1,1,2,3,4,1,3,1,1,1,22,5,NA,NA,NA,NA,NA,1,0,1,5.66666666666667,2.8,1.9,7,0,"58bcb4d3916d8d8bc179bbdaf797e7aa"
"102",2012-11-17 23:11:10,2012-11-17 23:22:57,54,5,1,1,3,1,0,6,5,5,8,2,8,2.219,2.219,60.002,1,1,1,1,0,1,0,0,1,1,1,0,0,1,1,0,0,1,14.523,331.834,40.894,46,4,3,3,4,3,3,3,4,2,2,3,3,2,2,1,1,2,1,1,1,1,0,20,3,NA,NA,NA,NA,NA,1,1,1,5.33333333333333,2.3,2.5,10,0,"0aeaf90d7aaa55026750435414a24488"
"103",2012-11-18 00:06:25,2012-11-18 00:16:47,162,5,1,1,3,1,0,5,5,5,8,2,5,2.548,2.548,60.015,1,1,1,1,0,0,0,0,1,0,1,0,1,0,1,0,0,1,1.637,226.33,13.452,30,3,1,2,1,1,1,1,1,2,1,1,3,1,1,1,2,2,1,1,1,1,1,24,5,NA,NA,NA,NA,NA,1,1,1,5,1.8,1,8,0,"9133d01fee4ec155d333c79c88d83375"
"104",2012-11-17 23:01:09,2012-11-17 23:11:55,26,5,1,1,3,1,0,6,4,5,8,2,8,4.387,25.009,59.999,3,1,0,1,0,0,1,0,1,1,1,0,0,0,1,0,0,0,19.331,251.595,300.006,6,3,1,2,2,4,2,2,1,2,2,1,2,2,3,2,3,3,1,2,1,1,0,34,4,NA,NA,NA,NA,NA,1,1,1,5,2.6,1.5,7,0,"3e025585bed6bef5382e2498ef8341ce"
"105",2012-11-17 23:38:14,2012-11-17 23:52:54,112,5,1,2,3,1,0,4,5,5,8,1,1,3.797,3.797,59.975,1,1,1,0,0,1,1,0,0,1,0,0,0,1,1,0,0,0,17.842,291.84,16.745,13,4,2,4,2,1,1,1,1,3,1,1,1,1,1,1,1,1,1,1,1,1,0,28,3,NA,1,NA,NA,NA,NA,0,1,4.66666666666667,1.8,1.2,7,0,"e25b59ebd569f0178201b1efc4fb5514"
"106",2012-11-17 23:04:59,2012-11-17 23:19:13,44,5,1,2,1,1,0,7,7,5,8,2,5,5.722,5.722,60.002,1,1,1,1,0,1,1,0,0,1,1,0,1,1,0,1,0,0,52.954,340.726999999999,76.059,27,5,1,3,1,1,1,1,1,3,1,1,1,1,1,1,2,2,1,1,1,1,1,35,3,NA,NA,NA,NA,NA,1,0,1,6.33333333333333,2,1,10,0,"165b711d288d5fad6c629d876948adca"
"107",2012-11-17 23:00:59,2012-11-17 23:18:14,40,5,1,1,3,1,0,7,7,5,8,1,3,3.082,3.082,60.002,1,0,0,0,0,0,0,0,1,1,0,0,0,0,1,0,0,0,17.422,440.253,175.717,29,5,1,5,1,5,1,1,1,5,5,1,5,1,5,1,5,5,1,5,1,1,1,32,5,NA,NA,1,NA,NA,NA,0,1,6.33333333333333,5,1,3,0,"cfe181d0e52af38ca61012ea835a6436"
"108",2012-11-17 22:51:08,2012-11-17 23:16:17,33,5,1,2,3,1,0,6,7,4,8,4,7,1.926,53.867,60.012,2,0,1,1,0,1,1,0,1,1,1,1,1,1,1,1,1,1,14.389,322.108,24.442,38,4,1,1,1,1,1,1,1,1,1,1,3,1,1,1,1,4,1,1,1,1,1,31,3,NA,NA,NA,1,NA,1,0,1,5.66666666666667,1.8,1,14,0,"fc398ddf9f61d24377c06177bb270f9a"
"109",2012-11-17 23:36:46,2012-11-17 23:51:11,108,5,1,1,3,1,0,7,7,6,8,3,8,1.956,1.956,60.019,1,0,1,1,0,1,1,0,1,1,1,0,1,1,1,0,1,1,20.795,433.569999999999,122.561,35,4,1,2,2,1,1,1,1,2,1,2,3,1,1,1,2,3,1,2,1,1,1,34,4,NA,NA,NA,NA,NA,1,0,1,6.66666666666667,2.1,1.2,12,0,"46601b4d7f2bd196593eb01a3d153270"
"110",2012-11-17 22:53:20,2012-11-17 23:05:12,10,5,1,1,3,1,0,5,7,6,8,2,7,7.438,7.438,60,1,0,0,0,0,0,0,0,0,0,1,0,0,1,0,1,0,1,9.281,289.422,289.437,4,3,1,1,1,1,1,1,1,1,1,1,2,1,1,1,1,2,1,1,1,1,1,39,5,NA,NA,NA,NA,NA,1,0,1,6,1.4,1,4,0,"5a00ee2391e3c94d4ce8dc1559050ebb"
"111",2012-11-17 22:58:21,2012-11-17 23:09:17,18,5,1,1,3,1,0,5,7,7,8,4,8,2.272,2.272,60.032,1,1,1,1,0,1,1,0,1,1,1,1,1,1,1,1,1,1,8.392,246.327,246.347,7,3,2,2,2,3,1,1,1,3,2,2,3,1,2,2,1,2,3,2,2,1,0,29,6,NA,1,NA,NA,NA,NA,0,1,6.33333333333333,2.3,1.7,15,0,"c1fe994b52e1833b6a033a383f0b4879"
"112",2012-11-17 22:55:02,2012-11-17 23:02:31,5,5,1,2,3,1,0,2,5,4,8,4,7,2.103,2.663,60,2,1,0,0,0,0,0,0,0,0,0,0,0,0,0,0,0,0,9.059,136.076,61.507,32,1,4,3,4,2,3,3,4,2,2,4,3,3,3,2,2,2,3,3,2,1,0,27,3,NA,NA,NA,NA,NA,1,0,1,3.66666666666667,2.3,3.2,1,0,"c349b3d3c42553f641efe59333fde2a8"
"113",2012-11-17 23:39:55,2012-11-17 23:54:57,121,5,1,1,3,1,0,4,5,2,9,2,9,6.415,6.415,60.001,1,0,0,1,0,1,1,0,1,0,1,0,1,0,1,0,0,0,27.761,446.306999999999,137.718,35,4,1,1,1,1,1,1,1,2,1,1,3,1,1,1,1,4,1,1,1,1,0,23,5,NA,NA,NA,NA,NA,1,1,1,3.66666666666667,1.9,1,7,0,"61700f710c975a94d4c325c4f58a3e66"
"114",2012-11-17 23:52:12,2012-11-18 00:09:20,148,5,1,1,3,1,0,6,7,5,9,2,9,6.301,6.301,60.006,1,1,1,1,0,1,0,0,1,1,1,1,1,1,0,1,1,1,26.934,560.014,209.128,30,4,3,4,3,4,1,1,3,4,4,4,4,2,4,4,5,4,2,2,1,1,0,30,3,NA,NA,NA,NA,NA,1,0,1,6,3.9,2.4,13,0,"286cc7f6d2424ec1696d27140b1bd144"
"115",2012-11-17 23:31:38,2012-11-17 23:53:29,116,5,1,1,3,1,0,5,7,5,9,6,8,3.224,3.224,60.005,1,1,0,1,0,0,1,0,0,1,0,0,1,1,1,0,0,0,15.502,848.394,251.625,55,4,2,1,1,1,1,1,1,2,1,1,2,1,1,1,2,4,1,3,1,1,0,34,5,NA,NA,NA,NA,NA,1,0,1,5.66666666666667,2.1,1.1,7,0,"2c80b1be98aeead7cbcff06907d3c33d"
"116",2012-11-17 23:06:02,2012-11-17 23:19:25,45,5,1,1,3,1,0,5,7,3,9,3,9,3.504,4.52099999999999,60.007,6,0,0,0,0,0,0,0,0,0,0,0,0,1,1,0,0,1,20.348,408.033999999999,117.858,127,3,1,2,1,4,2,1,1,3,2,1,4,2,2,1,4,4,2,3,1,1,0,20,3,NA,NA,NA,NA,NA,1,0,1,5,3.1,1.3,3,0,"14ff7e612330bedee1db43704cd720e3"
"117",2012-11-17 23:10:30,2012-11-17 23:34:38,80,5,1,1,3,1,0,6,7,7,9,3,7,4.984,4.984,60.098,1,0,0,1,0,0,1,0,1,0,1,0,0,1,0,0,0,1,53.074,816.766,292.891,36,5,1,5,1,1,1,1,1,5,1,1,1,1,1,1,3,4,2,2,1,1,0,36,3,NA,NA,NA,NA,NA,1,1,1,6.66666666666667,2.8,1.1,6,0,"1275dc2e43fbf5fa0edd3bbcc9788419"
"118",2012-11-18 00:06:25,2012-11-18 00:19:43,165,5,1,2,3,1,0,6,6,5,10,3,9,2.597,2.597,60.01,1,0,1,1,0,1,1,0,1,1,1,1,1,0,1,1,0,1,20.024,293.887,12.482,37,4,2,4,4,1,4,3,4,4,1,2,5,2,1,4,4,5,1,2,2,1,1,30,3,NA,NA,NA,NA,NA,1,1,1,5.66666666666667,3.1,2.8,12,0,"d8765e2234e4dafdfa04d4ecc21b746b"
"119",2012-11-17 22:57:53,2012-11-17 23:11:41,25,5,1,2,3,1,0,5,3,3,10,4,5,2.535,32.874,60.002,3,1,1,1,0,1,1,0,0,1,1,0,1,1,1,0,0,0,7.345,300.568,28.152,29,4,4,2,3,1,1,1,1,2,2,2,2,1,1,1,2,3,1,2,1,1,1,25,3,NA,NA,NA,NA,NA,1,1,1,3.66666666666667,2.1,1.6,10,0,"4b2a93bf208706b12367d70abc919347"
"120",2012-11-17 23:14:19,2012-11-17 23:27:24,68,5,1,2,1,1,0,6,5,1,10,2,6,4.503,4.503,60,1,1,0,0,0,0,1,0,1,0,1,0,1,1,0,0,0,1,41.191,252.745,85.842,21,1,1,1,3,1,1,1,1,1,1,1,4,1,1,1,1,1,1,1,1,1,0,26,3,NA,NA,NA,1,NA,NA,1,1,4,1.3,1.2,7,0,"e7dbd810bdfdbcba78ac427a564cb44f"
"121",2012-11-17 23:13:49,2012-11-17 23:25:53,62,5,1,2,3,1,0,3,1,4,10,3,10,4.849,4.849,59.971,1,1,1,1,1,1,1,0,0,0,0,0,0,0,1,0,0,0,18.846,254.094,56.746,4,2,3,1,3,1,1,1,1,2,1,2,2,1,1,2,1,3,1,3,1,1,0,22,5,NA,NA,NA,NA,NA,1,1,1,2.66666666666667,1.7,1.6,7,0,"75a4be4f905c1657fe2011a0f64a90ec"
"122",2012-11-17 23:41:30,2012-11-17 23:55:30,122,5,1,2,3,1,0,7,7,2,10,2,5,4.009,47.135,60.002,7,1,0,0,0,1,1,0,1,0,0,0,1,1,1,0,0,0,28.725,422.306,111.41,57,3,4,1,4,1,1,4,4,1,1,5,4,5,1,4,5,4,1,3,4,1,1,28,6,NA,NA,NA,NA,NA,1,0,1,5.33333333333333,2.4,3.6,7,0,"740385fdd01f62bf6827b90d5e7754d1"
"123",2012-11-17 22:59:08,2012-11-17 23:25:11,60,5,1,1,3,1,0,7,7,5,10,3,8,3.557,3.557,60.003,1,0,0,1,0,1,0,0,1,1,0,0,0,1,1,0,0,0,216.736,452.799999999999,154.063,9,3,1,2,1,3,1,1,1,2,3,1,4,1,2,1,4,4,1,3,1,1,1,29,5,NA,NA,1,NA,NA,NA,1,1,6.33333333333333,3,1,6,0,"13209e7e71e34dccb7579d933de5b648"
"124",2012-11-17 23:54:14,2012-11-18 00:08:15,145,5,1,2,3,1,0,7,7,7,10,1,2,3.617,3.617,60.002,1,0,0,0,0,0,0,0,0,1,0,0,0,0,0,0,0,0,29.465,288.733,288.737,30,3,1,1,1,1,1,1,1,1,2,1,2,1,5,1,1,3,1,2,1,1,0,26,3,NA,NA,NA,1,NA,NA,0,1,7,2.1,1,1,0,"d8f5c7d81b3812d1f598b434437eba81"
"125",2012-11-17 22:49:18,2012-11-17 23:01:53,4,5,1,1,3,1,0,5,4,3,10,1,3,5.154,21.963,60.001,3,1,0,1,0,0,1,0,1,0,1,0,0,1,1,0,0,0,30.175,452.474,145.304,46,2,3,2,4,2,3,3,1,2,2,1,5,1,1,4,3,5,1,4,1,1,0,26,4,NA,NA,NA,NA,1,1,0,1,4,2.8,2.2,7,0,"c1742bdba0eca0efd3e89b9f058d6a92"
"126",2012-11-17 23:17:51,2012-11-17 23:30:37,73,5,1,1,3,1,0,3,4,3,10,4,10,2.747,11.269,60.006,2,1,1,0,0,0,1,0,1,1,1,0,1,1,1,0,0,0,31.838,321.052999999999,22.017,39,2,2,3,4,2,1,1,2,3,1,2,2,1,2,1,2,2,1,1,1,1,1,27,4,NA,NA,NA,NA,NA,1,1,1,3.33333333333333,2,1.6,9,0,"2f215a5f3a7c3d96ac23c30249d51cfc"
"127",2012-11-17 23:01:46,2012-11-17 23:12:27,28,5,1,1,3,1,0,5,3,5,11,2,5,9.008,15.607,62.668,2,1,0,1,0,0,0,0,0,0,1,0,0,1,1,0,0,0,12.635,232.944999999999,232.951,18,4,3,4,3,3,2,2,1,4,4,1,3,1,2,1,4,4,1,3,1,1,0,21,3,NA,NA,NA,NA,NA,1,0,1,4.33333333333333,3.5,1.6,5,0,"15a679b321cb57b56dbd2ed184405f66"
"128",2012-11-17 22:49:25,2012-11-17 23:00:52,2,5,1,1,3,1,0,6,4,3,11,1,8,2.909,5.16,60.01,3,1,1,1,0,1,1,0,1,0,1,0,1,1,1,1,1,1,4.335,227.03,84.935,26,3,1,1,1,3,1,1,1,2,3,1,3,1,4,1,4,4,2,5,1,1,0,23,5,NA,1,NA,NA,NA,1,1,1,4.33333333333333,3.2,1.1,13,0,"0a03f24dd1c20d50265435ff643e54c4"
"129",2012-11-17 23:47:48,2012-11-18 00:01:53,132,5,1,1,3,1,0,6,7,5,11,4,7,3.283,3.283,60.036,1,1,1,0,1,1,1,0,1,0,1,0,0,1,1,0,0,0,22.052,311.021999999999,37.411,19,4,1,1,3,1,1,1,1,1,1,3,3,1,1,1,1,3,3,1,1,1,1,19,3,NA,NA,NA,NA,NA,1,1,1,6,1.7,1.6,9,0,"ed6292628b19d080c3caf9d2d5e7ebaf"
"130",2012-11-17 23:26:45,2012-11-17 23:38:17,87,5,1,2,3,1,0,6,7,5,11,3,8,2.26,2.26,60.002,1,0,1,1,0,0,1,0,0,0,0,0,0,1,1,0,0,1,26.178,313.769,31.889,22,4,1,4,2,1,1,1,1,3,1,1,2,1,1,2,3,4,1,1,1,1,0,23,5,NA,NA,1,NA,NA,NA,0,1,6,2.4,1.2,6,0,"10bfaa5de2d8dfddb0446ed49a0ffc64"
"131",2012-11-18 00:04:41,2012-11-18 00:13:16,155,5,1,1,1,1,0,6,5,4,11,1,3,2.384,2.384,60.003,1,1,0,1,0,1,0,0,0,0,1,0,0,0,1,0,0,0,24.558,225.948999999999,225.953,24,4,1,4,5,1,1,1,1,1,1,1,1,1,1,1,4,5,1,1,1,1,1,18,3,NA,NA,NA,NA,NA,1,1,1,5,2.3,1.4,5,0,"c0456524aff36a9f816856d26a763bf0"
"132",2012-11-17 23:08:00,2012-11-17 23:22:51,53,5,1,1,3,1,0,6,6,4,11,4,6,4.626,4.626,60.005,1,1,1,1,0,1,0,0,0,1,0,0,0,1,0,0,0,0,19.241,309.532,173.451,24,4,1,3,1,2,1,1,1,4,2,1,4,1,1,1,2,4,1,2,1,1,1,39,5,NA,NA,NA,NA,NA,1,0,1,5.33333333333333,2.8,1,6,0,"3284346cdcd8a9eb17f67ddf06645cfe"
"133",2012-11-17 23:22:33,2012-11-17 23:37:22,85,5,1,1,3,1,0,5,2,2,11,2,9,2.285,2.285,60,1,1,1,1,0,1,1,0,1,1,1,0,1,1,1,1,1,1,12.196,519.7,188.987,41,2,3,1,3,1,1,1,1,2,1,1,2,1,1,1,1,2,1,2,1,1,0,21,3,NA,NA,NA,NA,NA,1,1,1,3,1.5,1.4,14,0,"03698d2b206227a6a823fa73e445ddef"
"134",2012-11-17 23:44:49,2012-11-18 01:05:28,192,5,1,1,3,1,0,3,5,3,12,2,2,3.011,26.067,59.997,4,1,1,1,0,1,0,0,0,1,0,0,0,1,0,0,0,0,14.833,423.245,299.982,32,NA,NA,NA,NA,NA,NA,NA,NA,NA,NA,NA,NA,NA,NA,NA,NA,NA,NA,NA,NA,NA,NA,NA,NA,NA,NA,NA,NA,NA,NA,NA,1,3.66666666666667,NA,NA,6,0,"3c5ce109c665c4e3884d5e62c3268661"
"135",2012-11-17 22:58:12,2012-11-17 23:14:50,29,5,1,1,1,1,0,7,7,7,13,1,1,8.342,8.342,60.013,1,0,1,1,0,1,1,0,0,0,1,0,1,0,1,0,0,0,29.05,465.63,209.605,13,4,4,3,4,1,1,1,5,3,1,4,3,2,2,4,3,3,4,2,4,1,1,45,3,NA,NA,NA,NA,NA,1,0,1,7,2.5,3.3,7,0,"8f5e36456ada3b266320d9a43f13fbc3"
"136",2012-11-18 00:01:30,2012-11-18 00:20:15,167,5,1,2,3,1,1,7,7,7,3,1,1,4.383,4.383,60.011,1,0,0,0,0,0,1,0,0,1,1,0,0,1,1,0,0,0,37.393,543.659,300.014,32,2,2,2,2,1,1,1,1,2,1,2,2,1,1,2,2,2,2,2,1,1,0,26,5,NA,1,NA,NA,NA,NA,0,1,7,1.7,1.5,5,1,"3ca73b5edc773ee0ce30b76b8e01b90f"
"137",2012-11-17 23:34:38,2012-11-17 23:53:14,114,5,1,1,3,1,1,2,2,2,3,2,3,5.623,5.623,60.001,1,1,1,1,1,1,1,0,1,0,1,0,1,1,1,1,0,1,9.75,339.947,46.642,10,4,1,4,1,3,1,1,1,4,4,1,4,1,4,1,4,4,1,4,1,1,1,42,5,NA,NA,NA,NA,NA,1,0,1,2,3.9,1,13,1,"7b7bac22dba3fb307acafa1333608e86"
"138",2012-11-17 23:44:50,2012-11-17 23:57:52,126,5,1,1,1,1,1,1,1,1,4,4,4,11.764,11.764,59.994,1,0,0,0,0,0,0,0,1,0,0,0,0,0,0,0,0,0,19.784,396.424999999999,13.656,14,3,3,3,3,3,3,3,3,3,3,3,3,3,3,3,3,3,3,3,3,1,1,32,2,NA,NA,NA,NA,NA,1,0,1,1,3,3,1,1,"507466ffa7de00918961848f4ebc4c2e"
"139",2012-11-17 23:36:27,2012-11-17 23:46:51,99,5,1,1,3,1,1,1,7,7,4,2,4,2.627,37.003,60,5,0,0,0,0,0,1,0,0,0,0,0,0,1,0,0,0,0,10.557,316.298,35.402,10,2,3,3,2,3,3,2,4,3,2,3,3,3,4,2,3,3,4,4,3,1,1,20,3,NA,NA,1,NA,NA,NA,0,1,5,3,2.9,2,1,"de56937dcfbc029fd9ab3d09893fc2cc"
"140",2012-11-17 23:02:24,2012-11-17 23:17:10,36,5,1,2,3,1,1,2,4,3,13,3,9,8.706,8.706,60.005,1,1,1,1,0,1,1,0,1,1,1,1,1,1,1,1,1,1,22.817,482.671999999999,222.135,32,4,3,3,3,2,3,2,1,1,2,2,3,2,1,3,2,3,3,2,3,1,0,18,2,NA,NA,NA,NA,NA,1,1,1,3,2.3,2.5,15,1,"900f75fb98f1c43f86ae7e0a76bd7ef7"
"141",2012-11-17 23:32:38,2012-11-17 23:43:57,97,5,1,1,3,1,1,2,4,1,9,5,9,2.421,2.421,59.999,1,1,1,1,0,1,1,0,1,0,0,0,1,1,1,0,0,1,12.653,325.532,12.593,14,3,2,1,3,1,1,1,1,1,1,2,1,1,1,1,1,2,1,1,1,1,1,24,5,NA,NA,NA,NA,NA,1,0,1,2.33333333333333,1.3,1.4,10,1,"e770bbfb66344c7332a1a3bebbbcb833"
"142",2012-11-17 23:59:02,2012-11-18 00:10:55,153,5,1,2,1,1,1,3,2,2,5,4,5,3.651,5.406,60.004,2,1,1,0,0,1,1,0,1,1,1,1,1,1,1,1,1,1,16.158,396.26,73.174,86,3,3,1,2,1,1,1,1,1,1,1,3,1,1,1,2,2,1,1,1,1,1,27,5,NA,NA,NA,NA,NA,1,0,1,2.33333333333333,1.6,1.3,14,1,"a6e8e50c8292b4481c1a4129a0b3c197"
"143",2012-11-17 22:55:00,2012-11-17 23:04:11,8,5,1,1,3,1,1,7,5,6,5,4,5,3.349,3.349,60.022,1,1,0,1,0,0,0,0,0,0,0,0,1,0,0,0,0,0,53.75,139.194,139.196,20,2,3,3,4,2,4,2,2,3,3,2,2,3,4,3,4,3,3,2,4,1,1,21,3,NA,NA,NA,NA,NA,1,1,1,6,2.8,3,3,1,"e86a65e5d1a860b438fb64055694ee0a"
"144",2012-11-18 00:07:33,2012-11-18 00:21:49,171,5,1,2,3,1,1,4,2,3,9,3,9,0.278,57.926,60.005,3,1,1,1,0,1,1,0,1,1,1,0,1,0,1,0,0,0,26.796,443.087999999999,156.418,66,3,4,3,3,2,3,1,2,3,2,1,3,2,1,2,3,3,3,2,1,1,0,24,5,NA,NA,NA,NA,NA,1,1,1,3,2.5,2.2,10,1,"6b871338033496f92fff3d0788e255e1"
"145",2012-11-17 23:30:50,2012-11-18 00:03:49,136,5,1,2,3,1,1,2,2,2,5,4,5,8.843,8.843,60.002,1,1,1,1,0,1,1,0,0,1,1,1,1,1,1,0,1,1,51.02,1057.338,172.174,44,3,2,4,4,1,1,1,1,2,1,1,3,1,1,3,1,3,2,2,1,1,1,38,5,NA,1,NA,NA,NA,NA,0,1,2,2.1,1.7,13,1,"5ac95d431705e9aea40a196bd10ede74"
"146",2012-11-17 23:30:10,2012-11-18 00:44:36,191,5,1,1,1,1,1,2,2,2,9,4,7,5.066,5.066,60.008,1,1,1,1,0,1,1,0,1,0,1,1,1,1,1,0,0,1,43.206,919.649,48.352,66,4,1,2,2,1,1,1,1,3,1,1,4,1,1,1,4,4,1,2,1,1,1,31,2,NA,NA,NA,NA,NA,1,0,1,2,2.6,1.1,12,1,"27a2eefb04ceb180e829a719db36b6cd"
"147",2012-11-17 23:38:43,2012-11-17 23:50:04,105,5,1,1,3,1,1,2,6,5,8,5,8,2.749,2.749,60.002,1,0,1,1,0,1,0,0,1,0,1,0,0,0,1,0,0,0,2.995,304.161,125.352,51,2,3,2,2,1,1,1,2,2,1,1,1,1,1,1,3,3,1,1,1,1,0,20,3,NA,NA,NA,NA,NA,1,1,1,4.33333333333333,1.7,1.4,6,1,"3d71b9f1a6bcfde04452ea7ff545ff13"
"148",2012-11-17 22:59:01,2012-11-17 23:15:44,32,5,1,1,3,1,1,7,7,5,9,6,7,3.984,3.984,60.009,1,1,1,1,0,1,1,0,0,0,1,0,0,0,1,0,0,1,16.542,430.369999999999,300.004,18,5,1,4,1,1,1,1,1,3,1,1,5,1,2,1,2,5,1,1,1,1,1,29,3,NA,NA,NA,NA,NA,1,0,1,6.33333333333333,2.9,1,8,1,"6b50376ac7bf19bcbed7385fedf23fc7"
"149",2012-11-17 23:11:14,2012-11-17 23:22:33,51,5,1,2,3,1,1,2,3,2,5,3,5,1.487,1.487,60.01,1,1,1,1,0,1,1,0,1,1,1,1,1,1,1,1,1,1,7.194,241.611999999999,241.625,31,4,1,4,1,1,1,1,1,1,1,1,4,1,1,1,1,4,1,1,1,1,0,28,5,NA,1,NA,NA,NA,NA,0,1,2.33333333333333,2.2,1,15,1,"f91945b47c245c550bfa00d5723699b2"
"150",2012-11-17 23:49:24,2012-11-18 00:03:24,187,5,1,1,1,1,1,1,1,1,6,2,2,2.622,54.6239999999999,60.002,5,1,1,1,0,1,1,0,1,1,1,1,1,1,1,1,1,1,22.551,342.169999999999,66.305,30,4,2,3,2,3,1,1,1,4,2,2,2,2,4,2,4,4,2,4,2,1,1,26,5,NA,NA,1,NA,NA,NA,0,1,1,3.4,1.7,15,1,"ff30590d7787b53b2ec23e594c3fb44a"
"151",2012-11-18 00:03:03,2012-11-18 00:22:57,172,5,1,2,3,1,1,5,3,3,6,3,6,3.866,3.866,59.999,1,0,1,1,0,1,1,0,1,1,1,1,1,1,1,1,1,1,15.899,615.336999999999,25.397,35,4,2,3,3,1,1,1,1,2,4,1,3,1,1,1,3,4,1,1,1,1,1,26,3,NA,NA,NA,NA,NA,1,0,1,3.66666666666667,2.6,1.3,14,1,"512a511c9cc96cdbea0efd5f308e094b"
"152",2012-11-17 22:52:38,2012-11-17 23:04:19,9,5,1,2,3,1,1,7,7,7,9,5,6,5.237,5.237,60.057,1,1,1,1,0,0,1,0,0,1,1,0,0,1,1,0,0,0,2.241,124.276,30.103,6,5,2,5,3,5,2,2,1,5,5,5,2,5,5,1,5,5,1,5,1,1,1,47,6,NA,1,NA,NA,NA,NA,0,1,7,4.7,2.3,8,1,"d752a9d832223a5ceddcc7570c8268d8"
"153",2012-11-17 23:58:28,2012-11-18 00:14:05,157,5,1,2,3,1,1,6,3,4,11,4,11,4.465,4.465,60.016,1,1,1,0,0,0,0,0,1,0,0,0,0,1,1,0,0,0,2.345,451.263,160.214,46,3,1,2,1,1,1,1,1,2,2,1,1,1,1,3,1,2,1,1,1,1,0,18,2,NA,NA,NA,NA,NA,1,1,1,4.33333333333333,1.6,1.2,5,1,"0d7bde641a2e8071954e4b51549a8fd5"
"154",2012-11-18 00:07:15,2012-11-18 00:15:30,159,5,1,1,1,1,1,2,7,5,14,3,7,1.773,1.773,60.005,1,1,1,1,0,1,1,0,1,0,1,0,1,1,1,0,0,1,8.138,215.093999999999,40.137,25,4,2,2,3,1,2,1,1,1,1,2,2,2,1,2,3,2,2,2,1,1,1,19,2,NA,NA,NA,NA,NA,1,1,1,4.66666666666667,1.9,1.8,11,1,"aad1412da219bf6f9d0c62aa80d52644"
"155",2012-11-17 23:13:36,2012-11-17 23:29:45,180,5,1,2,1,1,1,2,3,5,6,3,6,5.167,5.167,60.242,1,0,1,1,0,1,1,0,0,0,0,0,0,1,1,0,0,0,27.447,496.468,193.691,36,5,1,5,2,1,1,1,1,5,3,1,1,1,1,1,4,1,1,2,1,1,0,NA,3,NA,NA,NA,NA,NA,1,1,1,3.33333333333333,2.8,1.1,6,1,"87de4961a63c93f75f8a1d62fa6da6e6"
"156",2012-11-17 22:58:27,2012-11-17 23:08:23,14,5,1,2,3,1,1,2,5,4,8,5,8,3.566,29.618,60.005,3,1,1,1,0,1,1,0,1,1,1,0,1,1,1,1,0,1,8.698,227.810999999999,300.037,23,5,2,3,1,3,1,1,1,3,2,2,5,1,1,2,4,4,3,4,1,1,0,28,6,NA,NA,NA,NA,NA,1,0,1,3.66666666666667,3.4,1.5,13,1,"2e2e56b338a9d38172b46f706fc0c854"
"157",2012-11-17 23:51:49,2012-11-18 00:08:17,146,5,1,1,3,1,1,2,2,2,10,4,7,2.447,2.447,59.997,1,1,1,1,0,1,1,0,1,1,1,0,1,1,1,0,1,1,20.287,470.481,20.991,33,1,1,1,2,1,1,1,1,1,1,1,1,1,1,1,1,1,1,1,1,1,1,21,4,NA,NA,NA,1,NA,NA,1,1,2,1,1.1,13,1,"dc2d4a13d8681ee56d105cc1fd4ddef0"
"158",2012-11-17 22:51:42,2012-11-17 23:10:10,20,5,1,2,3,1,1,3,6,7,7,3,5,4.235,4.235,60.021,1,0,0,0,0,0,0,0,0,0,0,0,0,0,0,0,0,0,42.131,262.467999999999,170.81,19,5,1,2,1,1,1,1,1,3,1,1,3,1,1,1,1,5,1,5,1,1,0,25,5,NA,NA,NA,NA,NA,1,0,1,5.33333333333333,2.7,1,0,1,"4e7f362df512820ed2ebb8bbc2849be4"
"159",2012-11-18 00:03:06,2012-11-18 00:14:03,156,5,1,1,2,1,1,7,7,7,7,3,5,5.352,5.352,60.063,1,1,0,0,0,0,0,0,0,0,1,0,0,0,1,0,0,0,20.025,149.259,149.31,4,4,1,4,1,1,1,1,1,4,4,1,1,1,1,1,4,4,1,4,1,1,1,30,5,NA,NA,NA,NA,NA,1,1,1,7,3.1,1,3,1,"72ba17580a36371137fec6ce912db94d"
"160",2012-11-17 23:59:07,2012-11-18 00:09:36,149,5,1,1,3,1,1,3,7,6,8,5,8,5.237,5.237,60.005,1,1,0,1,0,1,1,0,0,0,1,0,0,1,1,0,0,0,16.401,177.202,177.222,18,5,1,3,2,1,1,1,1,2,2,1,3,1,2,3,3,4,1,1,1,1,0,18,3,NA,NA,NA,NA,NA,1,1,1,5.33333333333333,2.6,1.3,7,1,"a191acae79f5bfb7fe417ce998ae3e2d"
"161",2012-11-17 23:03:21,2012-11-17 23:15:35,31,5,1,2,3,1,1,1,2,1,7,3,7,3.648,3.648,60.011,1,1,1,1,0,1,0,0,0,1,1,0,0,0,1,0,0,1,33.035,248.21,300.021,16,5,2,3,4,3,1,1,3,3,2,4,5,1,2,1,4,5,2,4,1,1,1,42,5,NA,NA,NA,NA,NA,1,0,1,1.33333333333333,3.6,2,8,1,"91e03d3bd1229ed71558797757235f5a"
"162",2012-11-18 00:03:30,2012-11-18 00:21:00,169,5,1,2,3,1,1,6,4,2,7,3,5,3.708,3.708,59.975,1,1,1,1,0,1,1,0,1,0,0,0,1,1,1,0,0,1,1.748,283.334999999999,300.001,34,4,1,3,1,1,2,1,2,3,2,2,4,2,1,2,2,4,1,1,1,1,1,27,5,NA,NA,NA,NA,NA,1,1,1,4,2.5,1.5,10,1,"6e89f10776712527653c0bf6d5cbc596"
"163",2012-11-17 23:13:12,2012-11-17 23:26:04,63,5,1,1,3,1,1,5,7,6,14,5,14,2.077,2.077,60.003,1,1,1,1,0,1,1,0,0,0,1,0,0,0,1,0,0,0,12.694,193.97,300.003,2,5,1,2,1,2,1,1,1,4,4,1,5,1,3,1,5,5,2,4,1,1,0,30,5,NA,NA,1,NA,NA,NA,0,1,6,3.9,1.1,7,1,"3258a6e4b39c5781beb0720f4287caa8"
"164",2012-11-17 23:25:07,2012-11-17 23:47:37,102,5,1,1,3,1,1,2,2,2,8,3,7,4.622,4.622,60.013,1,1,1,1,0,1,1,0,0,1,1,1,1,1,1,1,1,1,13.556,753.624999999999,56.742,37,3,2,1,1,1,1,1,1,1,1,2,3,1,1,1,1,3,1,1,1,1,1,35,5,NA,NA,NA,NA,NA,1,0,1,2,1.6,1.2,14,1,"7d4ebba5bd63efbe8bf38e08b902b0d9"
"165",2012-11-17 23:48:03,2012-11-17 23:59:52,129,5,1,2,3,1,1,4,5,2,8,3,8,2.173,2.173,60.001,1,1,0,1,0,1,0,0,1,0,1,0,0,0,1,0,0,0,17.431,240.624,240.625,39,5,4,4,3,1,1,2,1,4,1,1,4,1,1,3,4,5,2,3,1,1,0,18,3,NA,NA,NA,NA,NA,1,1,1,3.66666666666667,3.2,1.9,6,1,"dd80a4054d7e77c50abc93b9d0d99385"
"166",2012-11-17 22:55:53,2012-11-17 23:06:43,11,5,1,1,3,1,1,5,3,2,8,4,6,4.403,4.403,59.998,1,1,1,1,0,1,1,0,1,0,1,0,1,0,1,1,0,0,19.692,207.823,207.823,23,3,1,2,1,1,1,1,1,2,1,1,3,1,1,1,2,4,1,2,1,1,0,20,3,1,1,NA,NA,NA,1,1,1,3.33333333333333,2.1,1,10,1,"57719054a7826b1a49879f59080799c3"
"167",2012-11-17 23:11:30,2012-11-17 23:18:48,42,5,1,2,3,1,1,4,6,5,8,4,5,1.887,1.887,60.001,1,0,1,1,0,1,1,0,1,0,1,1,1,1,1,0,0,1,6.8,126.585,126.587,14,3,1,3,1,1,1,1,1,1,1,1,3,1,1,1,1,3,1,1,1,1,0,24,4,NA,NA,NA,NA,NA,1,1,1,5,1.8,1,11,1,"ab26329052bd951933ba0d2dad66e334"
"168",2012-11-17 23:52:32,2012-11-18 00:03:58,138,5,1,2,3,1,1,6,6,3,8,2,4,5.666,6.437,60.003,2,1,0,1,0,1,1,0,0,1,1,0,1,1,1,0,0,0,15.726,342.653,27.994,23,4,2,2,1,1,1,1,1,3,1,1,2,1,1,2,2,3,1,2,1,1,1,20,3,NA,1,NA,NA,NA,1,1,1,5,2.1,1.2,9,1,"d607d465312bff7f51b032fa4ca0e29f"
"169",2012-11-17 23:27:25,2012-11-17 23:32:40,77,5,1,1,3,1,1,2,5,4,9,2,5,2.702,2.702,60.002,1,1,1,1,0,1,1,0,1,0,1,1,1,1,1,1,1,1,19.544,59.866,59.87,18,2,1,2,1,4,1,1,1,2,3,2,3,1,2,1,3,3,1,2,1,1,1,29,4,NA,NA,NA,NA,NA,1,0,1,3.66666666666667,2.6,1.1,14,1,"f6bad255d104c7bfb717108c5d6130c8"
"170",2012-11-17 23:57:27,2012-11-18 00:21:44,170,5,1,2,3,1,1,1,2,2,10,6,10,5.219,5.219,60.028,1,1,1,1,0,1,1,0,1,1,1,1,1,1,1,1,1,0,39,986.666999999999,94.521,56,1,1,1,1,1,1,1,1,1,1,1,1,1,1,1,1,1,1,1,1,1,0,NA,2,NA,NA,NA,NA,NA,1,0,1,1.66666666666667,1,1,14,1,"be2f8802300c05afe420d9c2578381cb"
"171",2012-11-17 23:03:14,2012-11-17 23:10:56,22,5,1,2,3,1,1,4,1,2,10,5,9,2.637,2.637,60.018,1,1,1,1,1,1,1,0,1,1,1,1,1,1,1,1,1,0,26.535,148.292,148.293,6,3,1,1,1,1,1,1,1,1,1,1,5,1,1,1,1,5,1,1,1,1,0,20,3,NA,NA,NA,NA,NA,1,1,1,2.33333333333333,2,1,15,1,"e3134739d197e53bf8424e91c1b276cf"
"172",2012-11-17 23:21:57,2012-11-17 23:31:51,74,5,1,2,3,1,1,3,3,3,10,3,10,5.742,5.742,59.997,1,1,1,1,0,1,1,0,1,1,1,1,1,1,1,0,1,1,28.714,329.091999999999,30.422,23,3,3,3,3,3,3,3,3,3,3,3,3,3,3,3,3,3,3,3,3,1,0,22,6,NA,NA,NA,NA,NA,1,1,1,3,3,3,14,1,"b4a67408e20c76342a41262b670bf7ee"
"173",2012-11-17 23:25:14,2012-11-17 23:37:10,84,5,1,1,3,1,1,2,1,5,10,2,9,1.353,45.869,59.981,2,1,1,1,0,1,1,0,1,1,1,1,1,0,1,1,1,1,26.559,346.933999999999,129.558,21,4,2,3,2,2,1,3,1,1,3,2,4,1,2,1,1,3,1,2,1,1,0,21,3,NA,NA,NA,NA,NA,1,1,1,2.66666666666667,2.5,1.5,14,1,"32915a6e2c740050e3b22e3106437831"
"174",2012-11-17 23:46:08,2012-11-17 23:58:52,128,5,1,1,3,1,1,7,7,6,11,5,9,4.61,4.61,60.009,1,1,0,0,0,0,0,0,0,0,0,0,0,0,1,0,0,0,17.545,253.372,253.374,3,3,2,4,2,4,2,3,1,2,3,1,4,1,3,2,3,4,2,4,2,1,0,42,5,NA,NA,NA,NA,NA,1,0,1,6.66666666666667,3.4,1.8,2,1,"47976131cee69094caada8166ae4247b"
"175",2012-11-17 23:37:16,2012-11-17 23:50:19,106,5,1,2,3,1,1,3,4,4,11,1,1,0,0,59.998,0,0,1,1,0,0,1,0,1,0,0,0,1,1,1,0,0,1,17.244,361.376,73.377,31,2,1,1,4,1,4,2,2,2,1,2,3,2,2,2,2,2,2,3,3,1,0,26,5,NA,NA,NA,NA,NA,1,0,1,3.66666666666667,1.9,2.4,8,1,"1c2b7752f3ac8bcc42cca8a43b22fd7f"
"176",2012-11-17 23:06:56,2012-11-17 23:17:08,35,5,1,2,3,1,1,5,2,6,11,4,8,2.154,51.321,59.995,3,0,1,1,0,1,1,0,1,0,0,0,1,1,1,1,0,1,30.498,212.462999999999,212.464,23,3,3,4,4,1,1,1,2,2,4,3,1,2,1,1,3,3,1,1,2,1,1,33,5,NA,NA,NA,NA,NA,1,0,1,4.33333333333333,2.3,2,10,1,"fcd1983e2829cdc53eb78f750ac5d17e"
"177",2012-11-17 23:06:38,2012-11-17 23:21:41,50,5,1,2,3,1,1,2,2,1,12,5,12,3.395,3.395,60.004,1,0,1,1,0,0,1,0,0,1,1,0,0,1,0,0,0,0,15.745,408.369,130.183,35,4,1,3,1,3,1,1,1,4,1,1,3,1,1,1,1,1,1,1,1,1,0,NA,5,NA,NA,NA,NA,NA,1,0,1,1.66666666666667,2.2,1,6,1,"d883244dc21033c732168ce773cfcb90"
"178",2012-11-17 23:07:19,2012-11-17 23:17:53,38,5,1,1,3,1,1,1,1,2,13,5,12,6.446,6.446,60.008,1,0,1,1,0,1,1,1,1,1,0,1,1,1,0,1,1,1,8.623,182.422,23.696,35,4,1,3,1,3,1,1,1,3,3,1,4,1,3,1,3,1,1,4,1,1,0,43,2,NA,NA,NA,NA,NA,1,0,1,1.33333333333333,3.1,1,13,1,"5922e54a1c8b0016c93ae0f6cc6a0171"
